PRCTILE,GOOD_ON_DUR,GOOD_OFF_DUR,AVG_ON_DUR,AVG_OFF_DUR,POOR_ON_DUR,POOR_OFF_DUR
0,1,1,1,1,1,1
0.001,1.0044,1.0013,1.0022,1.0014,1.002,1.002
0.002,1.0088,1.0025,1.0043,1.0027,1.0041,1.0041
0.003,1.0132,1.0038,1.0065,1.0041,1.0061,1.0061
0.004,1.0176,1.0051,1.0087,1.0054,1.0082,1.0082
0.005,1.022,1.0063,1.0108,1.0068,1.0102,1.0102
0.006,1.0263,1.0076,1.013,1.0081,1.0123,1.0122
0.007,1.0307,1.0089,1.0151,1.0095,1.0143,1.0143
0.008,1.0351,1.0102,1.0173,1.0108,1.0164,1.0163
0.009,1.0395,1.0114,1.0195,1.0122,1.0184,1.0184
0.01,1.0439,1.0127,1.0216,1.0135,1.0205,1.0204
0.011,1.0483,1.014,1.0238,1.0149,1.0225,1.0224
0.012,1.0527,1.0152,1.026,1.0163,1.0246,1.0245
0.013,1.0571,1.0165,1.0281,1.0176,1.0266,1.0265
0.014,1.0615,1.0178,1.0303,1.019,1.0287,1.0285
0.015,1.0659,1.019,1.0324,1.0203,1.0307,1.0306
0.016,1.0703,1.0203,1.0346,1.0217,1.0328,1.0326
0.017,1.0747,1.0216,1.0368,1.023,1.0348,1.0347
0.018,1.079,1.0228,1.0389,1.0244,1.0369,1.0367
0.019,1.0834,1.0241,1.0411,1.0257,1.0389,1.0387
0.02,1.0878,1.0254,1.0433,1.0271,1.041,1.0408
0.021,1.0922,1.0266,1.0454,1.0285,1.043,1.0428
0.022,1.0966,1.0279,1.0476,1.0298,1.0451,1.0449
0.023,1.101,1.0292,1.0497,1.0312,1.0471,1.0469
0.024,1.1054,1.0305,1.0519,1.0325,1.0492,1.0489
0.025,1.1098,1.0317,1.0541,1.0339,1.0512,1.051
0.026,1.1142,1.033,1.0562,1.0352,1.0533,1.053
0.027,1.1186,1.0343,1.0584,1.0366,1.0553,1.0551
0.028,1.123,1.0355,1.0606,1.0379,1.0574,1.0571
0.029,1.1273,1.0368,1.0627,1.0393,1.0594,1.0591
0.03,1.1317,1.0381,1.0649,1.0406,1.0615,1.0612
0.031,1.1361,1.0393,1.0671,1.042,1.0635,1.0632
0.032,1.1405,1.0406,1.0692,1.0434,1.0656,1.0653
0.033,1.1449,1.0419,1.0714,1.0447,1.0676,1.0673
0.034,1.1493,1.0431,1.0735,1.0461,1.0697,1.0693
0.035,1.1537,1.0444,1.0757,1.0474,1.0717,1.0714
0.036,1.1581,1.0457,1.0779,1.0488,1.0737,1.0734
0.037,1.1625,1.0469,1.08,1.0501,1.0758,1.0755
0.038,1.1669,1.0482,1.0822,1.0515,1.0778,1.0775
0.039,1.1713,1.0495,1.0844,1.0528,1.0799,1.0795
0.04,1.1757,1.0507,1.0865,1.0542,1.0819,1.0816
0.041,1.18,1.052,1.0887,1.0555,1.084,1.0836
0.042,1.1844,1.0533,1.0908,1.0569,1.086,1.0856
0.043,1.1888,1.0546,1.093,1.0583,1.0881,1.0877
0.044,1.1932,1.0558,1.0952,1.0596,1.0901,1.0897
0.045,1.1976,1.0571,1.0973,1.061,1.0922,1.0918
0.046,1.202,1.0584,1.0995,1.0623,1.0942,1.0938
0.047,1.2064,1.0596,1.1017,1.0637,1.0963,1.0958
0.048,1.2108,1.0609,1.1038,1.065,1.0983,1.0979
0.049,1.2152,1.0622,1.106,1.0664,1.1004,1.0999
0.05,1.2196,1.0634,1.1081,1.0677,1.1024,1.102
0.051,1.224,1.0647,1.1103,1.0691,1.1045,1.104
0.052,1.2283,1.066,1.1125,1.0705,1.1065,1.106
0.053,1.2327,1.0672,1.1146,1.0718,1.1086,1.1081
0.054,1.2371,1.0685,1.1168,1.0732,1.1106,1.1101
0.055,1.2415,1.0698,1.119,1.0745,1.1127,1.1122
0.056,1.2459,1.0711,1.1211,1.0759,1.1147,1.1142
0.057,1.2503,1.0723,1.1233,1.0772,1.1168,1.1162
0.058,1.2547,1.0736,1.1255,1.0786,1.1188,1.1183
0.059,1.2591,1.0749,1.1276,1.0799,1.1209,1.1203
0.06,1.2635,1.0761,1.1298,1.0813,1.1229,1.1224
0.061,1.2679,1.0774,1.1319,1.0826,1.125,1.1244
0.062,1.2723,1.0787,1.1341,1.084,1.127,1.1264
0.063,1.2767,1.0799,1.1363,1.0854,1.1291,1.1285
0.064,1.281,1.0812,1.1384,1.0867,1.1311,1.1305
0.065,1.2854,1.0825,1.1406,1.0881,1.1332,1.1325
0.066,1.2898,1.0837,1.1428,1.0894,1.1352,1.1346
0.067,1.2942,1.085,1.1449,1.0908,1.1373,1.1366
0.068,1.2986,1.0863,1.1471,1.0921,1.1393,1.1387
0.069,1.303,1.0875,1.1492,1.0935,1.1413,1.1407
0.07,1.3074,1.0888,1.1514,1.0948,1.1434,1.1427
0.071,1.3118,1.0901,1.1536,1.0962,1.1454,1.1448
0.072,1.3162,1.0914,1.1557,1.0975,1.1475,1.1468
0.073,1.3206,1.0926,1.1579,1.0989,1.1495,1.1489
0.074,1.325,1.0939,1.1601,1.1003,1.1516,1.1509
0.075,1.3293,1.0952,1.1622,1.1016,1.1536,1.1529
0.076,1.3337,1.0964,1.1644,1.103,1.1557,1.155
0.077,1.3381,1.0977,1.1665,1.1043,1.1577,1.157
0.078,1.3425,1.099,1.1687,1.1057,1.1598,1.1591
0.079,1.3469,1.1002,1.1709,1.107,1.1618,1.1611
0.08,1.3513,1.1015,1.173,1.1084,1.1639,1.1631
0.081,1.3557,1.1028,1.1752,1.1097,1.1659,1.1652
0.082,1.3601,1.104,1.1774,1.1111,1.168,1.1672
0.083,1.3645,1.1053,1.1795,1.1125,1.17,1.1693
0.084,1.3689,1.1066,1.1817,1.1138,1.1721,1.1713
0.085,1.3733,1.1078,1.1839,1.1152,1.1741,1.1733
0.086,1.3777,1.1091,1.186,1.1165,1.1762,1.1754
0.087,1.382,1.1104,1.1882,1.1179,1.1782,1.1774
0.088,1.3864,1.1117,1.1903,1.1192,1.1803,1.1795
0.089,1.3908,1.1129,1.1925,1.1206,1.1823,1.1815
0.09,1.3952,1.1142,1.1947,1.1219,1.1844,1.1835
0.091,1.3996,1.1155,1.1968,1.1233,1.1864,1.1856
0.092,1.404,1.1167,1.199,1.1246,1.1885,1.1876
0.093,1.4084,1.118,1.2012,1.126,1.1905,1.1896
0.094,1.4128,1.1193,1.2033,1.1274,1.1926,1.1917
0.095,1.4172,1.1205,1.2055,1.1287,1.1946,1.1937
0.096,1.4216,1.1218,1.2076,1.1301,1.1967,1.1958
0.097,1.426,1.1231,1.2098,1.1314,1.1987,1.1978
0.098,1.4303,1.1243,1.212,1.1328,1.2008,1.1998
0.099,1.4347,1.1256,1.2141,1.1341,1.2028,1.2019
0.1,1.4391,1.1269,1.2163,1.1355,1.2049,1.2039
0.101,1.4435,1.1281,1.2185,1.1368,1.2069,1.206
0.102,1.4479,1.1294,1.2206,1.1382,1.209,1.208
0.103,1.4523,1.1307,1.2228,1.1395,1.211,1.21
0.104,1.4567,1.1319,1.2249,1.1409,1.213,1.2121
0.105,1.4611,1.1332,1.2271,1.1423,1.2151,1.2141
0.106,1.4655,1.1345,1.2293,1.1436,1.2171,1.2162
0.107,1.4699,1.1358,1.2314,1.145,1.2192,1.2182
0.108,1.4743,1.137,1.2336,1.1463,1.2212,1.2202
0.109,1.4787,1.1383,1.2358,1.1477,1.2233,1.2223
0.11,1.483,1.1396,1.2379,1.149,1.2253,1.2243
0.111,1.4874,1.1408,1.2401,1.1504,1.2274,1.2264
0.112,1.4918,1.1421,1.2423,1.1517,1.2294,1.2284
0.113,1.4962,1.1434,1.2444,1.1531,1.2315,1.2304
0.114,1.5012,1.1446,1.2466,1.1545,1.2335,1.2325
0.115,1.5096,1.1459,1.2487,1.1558,1.2356,1.2345
0.116,1.518,1.1472,1.2509,1.1572,1.2376,1.2365
0.117,1.5264,1.1484,1.2531,1.1585,1.2397,1.2386
0.118,1.5348,1.1497,1.2552,1.1599,1.2417,1.2406
0.119,1.5433,1.151,1.2574,1.1612,1.2438,1.2427
0.12,1.5517,1.1522,1.2596,1.1626,1.2458,1.2447
0.121,1.5601,1.1535,1.2617,1.1639,1.2479,1.2467
0.122,1.5685,1.1548,1.2639,1.1653,1.2499,1.2488
0.123,1.5769,1.1561,1.266,1.1666,1.252,1.2508
0.124,1.5853,1.1573,1.2682,1.168,1.254,1.2529
0.125,1.5938,1.1586,1.2704,1.1694,1.2561,1.2549
0.126,1.6022,1.1599,1.2725,1.1707,1.2581,1.2569
0.127,1.6106,1.1611,1.2747,1.1721,1.2602,1.259
0.128,1.619,1.1624,1.2769,1.1734,1.2622,1.261
0.129,1.6274,1.1637,1.279,1.1748,1.2643,1.2631
0.13,1.6358,1.1649,1.2812,1.1761,1.2663,1.2651
0.131,1.6442,1.1662,1.2833,1.1775,1.2684,1.2671
0.132,1.6527,1.1675,1.2855,1.1788,1.2704,1.2692
0.133,1.6611,1.1687,1.2877,1.1802,1.2725,1.2712
0.134,1.6695,1.17,1.2898,1.1815,1.2745,1.2733
0.135,1.6779,1.1713,1.292,1.1829,1.2766,1.2753
0.136,1.6863,1.1726,1.2942,1.1843,1.2786,1.2773
0.137,1.6947,1.1738,1.2963,1.1856,1.2807,1.2794
0.138,1.7032,1.1751,1.2985,1.187,1.2827,1.2814
0.139,1.7116,1.1764,1.3007,1.1883,1.2847,1.2835
0.14,1.72,1.1776,1.3028,1.1897,1.2868,1.2855
0.141,1.7284,1.1789,1.305,1.191,1.2888,1.2875
0.142,1.7368,1.1802,1.3071,1.1924,1.2909,1.2896
0.143,1.7452,1.1814,1.3093,1.1937,1.2929,1.2916
0.144,1.7537,1.1827,1.3115,1.1951,1.295,1.2936
0.145,1.7621,1.184,1.3136,1.1965,1.297,1.2957
0.146,1.7705,1.1852,1.3158,1.1978,1.2991,1.2977
0.147,1.7789,1.1865,1.318,1.1992,1.3011,1.2998
0.148,1.7873,1.1878,1.3201,1.2005,1.3032,1.3018
0.149,1.7957,1.189,1.3223,1.2019,1.3052,1.3038
0.15,1.8042,1.1903,1.3244,1.2032,1.3073,1.3059
0.151,1.8126,1.1916,1.3266,1.2046,1.3093,1.3079
0.152,1.821,1.1928,1.3288,1.2059,1.3114,1.31
0.153,1.8294,1.1941,1.3309,1.2073,1.3134,1.312
0.154,1.8378,1.1954,1.3331,1.2086,1.3155,1.314
0.155,1.8462,1.1967,1.3353,1.21,1.3175,1.3161
0.156,1.8547,1.1979,1.3374,1.2114,1.3196,1.3181
0.157,1.8631,1.1992,1.3396,1.2127,1.3216,1.3202
0.158,1.8715,1.2005,1.3417,1.2141,1.3237,1.3222
0.159,1.8799,1.2017,1.3439,1.2154,1.3257,1.3242
0.16,1.8883,1.203,1.3461,1.2168,1.3278,1.3263
0.161,1.8967,1.2043,1.3482,1.2181,1.3298,1.3283
0.162,1.9052,1.2055,1.3504,1.2195,1.3319,1.3304
0.163,1.9136,1.2068,1.3526,1.2208,1.3339,1.3324
0.164,1.922,1.2081,1.3547,1.2222,1.336,1.3344
0.165,1.9304,1.2093,1.3569,1.2235,1.338,1.3365
0.166,1.9388,1.2106,1.3591,1.2249,1.3401,1.3385
0.167,1.9472,1.2119,1.3612,1.2263,1.3421,1.3405
0.168,1.9557,1.2132,1.3634,1.2276,1.3442,1.3426
0.169,1.9641,1.2144,1.3655,1.229,1.3462,1.3446
0.17,1.9725,1.2157,1.3677,1.2303,1.3483,1.3467
0.171,1.9809,1.217,1.3699,1.2317,1.3503,1.3487
0.172,1.9893,1.2182,1.372,1.233,1.3523,1.3507
0.173,1.9977,1.2195,1.3742,1.2344,1.3544,1.3528
0.174,2.0062,1.2208,1.3764,1.2357,1.3564,1.3548
0.175,2.0146,1.222,1.3785,1.2371,1.3585,1.3569
0.176,2.023,1.2233,1.3807,1.2385,1.3605,1.3589
0.177,2.0314,1.2246,1.3828,1.2398,1.3626,1.3609
0.178,2.0398,1.2258,1.385,1.2412,1.3646,1.363
0.179,2.0482,1.2271,1.3872,1.2425,1.3667,1.365
0.18,2.0567,1.2284,1.3893,1.2439,1.3687,1.3671
0.181,2.0651,1.2296,1.3915,1.2452,1.3708,1.3691
0.182,2.0735,1.2309,1.3937,1.2466,1.3728,1.3711
0.183,2.0819,1.2322,1.3958,1.2479,1.3749,1.3732
0.184,2.0903,1.2334,1.398,1.2493,1.3769,1.3752
0.185,2.0987,1.2347,1.4001,1.2506,1.379,1.3773
0.186,2.1072,1.236,1.4023,1.252,1.381,1.3793
0.187,2.1156,1.2373,1.4045,1.2534,1.3831,1.3813
0.188,2.124,1.2385,1.4066,1.2547,1.3851,1.3834
0.189,2.1324,1.2398,1.4088,1.2561,1.3872,1.3854
0.19,2.1408,1.2411,1.411,1.2574,1.3892,1.3875
0.191,2.1492,1.2423,1.4131,1.2588,1.3913,1.3895
0.192,2.1577,1.2436,1.4153,1.2601,1.3933,1.3915
0.193,2.1661,1.2449,1.4175,1.2615,1.3954,1.3936
0.194,2.1745,1.2461,1.4196,1.2628,1.3974,1.3956
0.195,2.1829,1.2474,1.4218,1.2642,1.3995,1.3976
0.196,2.1913,1.2487,1.4239,1.2655,1.4015,1.3997
0.197,2.1997,1.2499,1.4261,1.2669,1.4036,1.4017
0.198,2.2082,1.2512,1.4283,1.2683,1.4056,1.4038
0.199,2.2166,1.2525,1.4304,1.2696,1.4077,1.4058
0.2,2.225,1.2538,1.4326,1.271,1.4097,1.4078
0.201,2.2334,1.255,1.4348,1.2723,1.4118,1.4099
0.202,2.2418,1.2563,1.4369,1.2737,1.4138,1.4119
0.203,2.2503,1.2576,1.4391,1.275,1.4159,1.414
0.204,2.2587,1.2588,1.4412,1.2764,1.4179,1.416
0.205,2.2671,1.2601,1.4434,1.2777,1.42,1.418
0.206,2.2755,1.2614,1.4456,1.2791,1.422,1.4201
0.207,2.2839,1.2626,1.4477,1.2805,1.424,1.4221
0.208,2.2923,1.2639,1.4499,1.2818,1.4261,1.4242
0.209,2.3007,1.2652,1.4521,1.2832,1.4281,1.4262
0.21,2.3092,1.2664,1.4542,1.2845,1.4302,1.4282
0.211,2.3176,1.2677,1.4564,1.2859,1.4322,1.4303
0.212,2.326,1.269,1.4585,1.2872,1.4343,1.4323
0.213,2.3344,1.2702,1.4607,1.2886,1.4363,1.4344
0.214,2.3428,1.2715,1.4629,1.2899,1.4384,1.4364
0.215,2.3513,1.2728,1.465,1.2913,1.4404,1.4384
0.216,2.3597,1.274,1.4672,1.2926,1.4425,1.4405
0.217,2.3681,1.2753,1.4694,1.294,1.4445,1.4425
0.218,2.3765,1.2766,1.4715,1.2954,1.4466,1.4445
0.219,2.3849,1.2779,1.4737,1.2967,1.4486,1.4466
0.22,2.3933,1.2791,1.4759,1.2981,1.4507,1.4486
0.221,2.4018,1.2804,1.478,1.2994,1.4527,1.4507
0.222,2.4102,1.2817,1.4802,1.3008,1.4548,1.4527
0.223,2.4186,1.2829,1.4823,1.3021,1.4568,1.4547
0.224,2.427,1.2842,1.4845,1.3035,1.4589,1.4568
0.225,2.4354,1.2855,1.4867,1.3048,1.4609,1.4588
0.226,2.4438,1.2867,1.4888,1.3062,1.463,1.4609
0.227,2.4522,1.288,1.491,1.3075,1.465,1.4629
0.228,2.4607,1.2893,1.4932,1.3089,1.4671,1.4649
0.229,2.4691,1.2905,1.4953,1.3103,1.4691,1.467
0.23,2.4775,1.2918,1.4975,1.3116,1.4712,1.469
0.231,2.4859,1.2931,1.4996,1.313,1.4732,1.4711
0.232,2.4943,1.2944,1.504,1.3143,1.4753,1.4731
0.233,2.506,1.2956,1.5087,1.3157,1.4773,1.4751
0.234,2.5244,1.2969,1.5135,1.317,1.4794,1.4772
0.235,2.5427,1.2982,1.5182,1.3184,1.4814,1.4792
0.236,2.5611,1.2994,1.523,1.3197,1.4835,1.4813
0.237,2.5795,1.3007,1.5277,1.3211,1.4855,1.4833
0.238,2.5978,1.302,1.5325,1.3225,1.4876,1.4853
0.239,2.6162,1.3032,1.5372,1.3238,1.4896,1.4874
0.24,2.6345,1.3045,1.542,1.3252,1.4917,1.4894
0.241,2.6529,1.3058,1.5467,1.3265,1.4937,1.4915
0.242,2.6713,1.307,1.5514,1.3279,1.4957,1.4935
0.243,2.6896,1.3083,1.5562,1.3292,1.4978,1.4955
0.244,2.708,1.3096,1.5609,1.3306,1.4998,1.4976
0.245,2.7264,1.3108,1.5657,1.3319,1.5038,1.4996
0.246,2.7447,1.3121,1.5704,1.3333,1.5079,1.5066
0.247,2.7631,1.3134,1.5752,1.3346,1.512,1.5147
0.248,2.7815,1.3146,1.5799,1.336,1.5161,1.5229
0.249,2.7998,1.3159,1.5847,1.3374,1.5202,1.5311
0.25,2.8182,1.3172,1.5894,1.3387,1.5243,1.5392
0.251,2.8365,1.3185,1.5942,1.3401,1.5284,1.5474
0.252,2.8549,1.3197,1.5989,1.3414,1.5325,1.5555
0.253,2.8733,1.321,1.6037,1.3428,1.5366,1.5637
0.254,2.8916,1.3223,1.6084,1.3441,1.5407,1.5718
0.255,2.91,1.3235,1.6132,1.3455,1.5448,1.58
0.256,2.9284,1.3248,1.6179,1.3468,1.5489,1.5882
0.257,2.9467,1.3261,1.6227,1.3482,1.553,1.5963
0.258,2.9651,1.3273,1.6274,1.3495,1.557,1.6045
0.259,2.9835,1.3286,1.6322,1.3509,1.5611,1.6126
0.26,3.0018,1.3299,1.6369,1.3523,1.5652,1.6208
0.261,3.0202,1.3311,1.6417,1.3536,1.5693,1.6289
0.262,3.0385,1.3324,1.6464,1.355,1.5734,1.6371
0.263,3.0569,1.3337,1.6512,1.3563,1.5775,1.6453
0.264,3.0753,1.335,1.6559,1.3577,1.5816,1.6534
0.265,3.0936,1.3362,1.6607,1.359,1.5857,1.6616
0.266,3.112,1.3375,1.6654,1.3604,1.5898,1.6697
0.267,3.1304,1.3388,1.6701,1.3617,1.5939,1.6779
0.268,3.1487,1.34,1.6749,1.3631,1.598,1.686
0.269,3.1671,1.3413,1.6796,1.3645,1.6021,1.6942
0.27,3.1855,1.3426,1.6844,1.3658,1.6062,1.7024
0.271,3.2038,1.3438,1.6891,1.3672,1.6103,1.7105
0.272,3.2222,1.3451,1.6939,1.3685,1.6144,1.7187
0.273,3.2405,1.3464,1.6986,1.3699,1.6185,1.7268
0.274,3.2589,1.3476,1.7034,1.3712,1.6226,1.735
0.275,3.2773,1.3489,1.7081,1.3726,1.6267,1.7431
0.276,3.2956,1.3502,1.7129,1.3739,1.6308,1.7513
0.277,3.314,1.3514,1.7176,1.3753,1.6349,1.7595
0.278,3.3324,1.3527,1.7224,1.3766,1.639,1.7676
0.279,3.3507,1.354,1.7271,1.378,1.6431,1.7758
0.28,3.3691,1.3552,1.7319,1.3794,1.6472,1.7839
0.281,3.3875,1.3565,1.7366,1.3807,1.6513,1.7921
0.282,3.4058,1.3578,1.7414,1.3821,1.6554,1.8002
0.283,3.4242,1.3591,1.7461,1.3834,1.6595,1.8084
0.284,3.4425,1.3603,1.7509,1.3848,1.6636,1.8165
0.285,3.4609,1.3616,1.7556,1.3861,1.6677,1.8247
0.286,3.4793,1.3629,1.7604,1.3875,1.6718,1.8329
0.287,3.4976,1.3641,1.7651,1.3888,1.6759,1.841
0.288,3.5126,1.3654,1.7699,1.3902,1.68,1.8492
0.289,3.527,1.3667,1.7746,1.3915,1.6841,1.8573
0.29,3.5414,1.3679,1.7793,1.3929,1.6882,1.8655
0.291,3.5559,1.3692,1.7841,1.3943,1.6923,1.8736
0.292,3.5703,1.3705,1.7888,1.3956,1.6963,1.8818
0.293,3.5847,1.3717,1.7936,1.397,1.7004,1.89
0.294,3.5991,1.373,1.7983,1.3983,1.7045,1.8981
0.295,3.6136,1.3743,1.8031,1.3997,1.7086,1.9063
0.296,3.628,1.3755,1.8078,1.401,1.7127,1.9144
0.297,3.6424,1.3768,1.8126,1.4024,1.7168,1.9226
0.298,3.6569,1.3781,1.8173,1.4037,1.7209,1.9307
0.299,3.6713,1.3794,1.8221,1.4051,1.725,1.9389
0.3,3.6857,1.3806,1.8268,1.4065,1.7291,1.9471
0.301,3.7001,1.3819,1.8316,1.4078,1.7332,1.9552
0.302,3.7146,1.3832,1.8363,1.4092,1.7373,1.9634
0.303,3.729,1.3844,1.8411,1.4105,1.7414,1.9715
0.304,3.7434,1.3857,1.8458,1.4119,1.7455,1.9797
0.305,3.7579,1.387,1.8506,1.4132,1.7496,1.9878
0.306,3.7723,1.3882,1.8553,1.4146,1.7537,1.996
0.307,3.7867,1.3895,1.8601,1.4159,1.7578,2.0042
0.308,3.8011,1.3908,1.8648,1.4173,1.7619,2.0123
0.309,3.8156,1.392,1.8696,1.4186,1.766,2.0205
0.31,3.83,1.3933,1.8743,1.42,1.7701,2.0286
0.311,3.8444,1.3946,1.8791,1.4214,1.7742,2.0368
0.312,3.8589,1.3958,1.8838,1.4227,1.7783,2.0449
0.313,3.8733,1.3971,1.8886,1.4241,1.7824,2.0531
0.314,3.8877,1.3984,1.8933,1.4254,1.7865,2.0613
0.315,3.9021,1.3997,1.898,1.4268,1.7906,2.0694
0.316,3.9166,1.4009,1.9028,1.4281,1.7947,2.0776
0.317,3.931,1.4022,1.9075,1.4295,1.7988,2.0857
0.318,3.9454,1.4035,1.9123,1.4308,1.8029,2.0939
0.319,3.9599,1.4047,1.917,1.4322,1.807,2.102
0.32,3.9743,1.406,1.9218,1.4335,1.8111,2.1102
0.321,3.9887,1.4073,1.9265,1.4349,1.8152,2.1184
0.322,4.0031,1.4085,1.9313,1.4363,1.8193,2.1265
0.323,4.0176,1.4098,1.936,1.4376,1.8234,2.1347
0.324,4.032,1.4111,1.9408,1.439,1.8275,2.1428
0.325,4.0464,1.4123,1.9455,1.4403,1.8316,2.151
0.326,4.0609,1.4136,1.9503,1.4417,1.8357,2.1591
0.327,4.0753,1.4149,1.955,1.443,1.8397,2.1673
0.328,4.0897,1.4162,1.9598,1.4444,1.8438,2.1755
0.329,4.1041,1.4174,1.9645,1.4457,1.8479,2.1836
0.33,4.1186,1.4187,1.9693,1.4471,1.852,2.1918
0.331,4.133,1.42,1.974,1.4485,1.8561,2.1999
0.332,4.1474,1.4212,1.9788,1.4498,1.8602,2.2081
0.333,4.1619,1.4225,1.9835,1.4512,1.8643,2.2162
0.334,4.1763,1.4238,1.9883,1.4525,1.8684,2.2244
0.335,4.1907,1.425,1.993,1.4539,1.8725,2.2325
0.336,4.2051,1.4263,1.9978,1.4552,1.8766,2.2407
0.337,4.2196,1.4276,2.0025,1.4566,1.8807,2.2489
0.338,4.234,1.4288,2.0073,1.4579,1.8848,2.257
0.339,4.2484,1.4301,2.012,1.4593,1.8889,2.2652
0.34,4.2629,1.4314,2.0167,1.4606,1.893,2.2733
0.341,4.2773,1.4326,2.0215,1.462,1.8971,2.2815
0.342,4.2917,1.4339,2.0262,1.4634,1.9012,2.2896
0.343,4.3061,1.4352,2.031,1.4647,1.9053,2.2978
0.344,4.3206,1.4364,2.0357,1.4661,1.9094,2.306
0.345,4.335,1.4377,2.0405,1.4674,1.9135,2.3141
0.346,4.3494,1.439,2.0452,1.4688,1.9176,2.3223
0.347,4.3639,1.4403,2.05,1.4701,1.9217,2.3304
0.348,4.3783,1.4415,2.0547,1.4715,1.9258,2.3386
0.349,4.3927,1.4428,2.0595,1.4728,1.9299,2.3467
0.35,4.4071,1.4441,2.0642,1.4742,1.934,2.3549
0.351,4.4216,1.4453,2.069,1.4755,1.9381,2.3631
0.352,4.436,1.4466,2.0737,1.4769,1.9422,2.3712
0.353,4.4504,1.4479,2.0785,1.4783,1.9463,2.3794
0.354,4.4649,1.4491,2.0832,1.4796,1.9504,2.3875
0.355,4.4793,1.4504,2.088,1.481,1.9545,2.3957
0.356,4.4937,1.4517,2.0927,1.4823,1.9586,2.4038
0.357,4.5088,1.4529,2.0975,1.4837,1.9627,2.412
0.358,4.5243,1.4542,2.1022,1.485,1.9668,2.4202
0.359,4.5398,1.4555,2.107,1.4864,1.9709,2.4283
0.36,4.5554,1.4567,2.1117,1.4877,1.975,2.4365
0.361,4.5709,1.458,2.1165,1.4891,1.979,2.4446
0.362,4.5865,1.4593,2.1212,1.4905,1.9831,2.4528
0.363,4.602,1.4606,2.126,1.4918,1.9872,2.4609
0.364,4.6175,1.4618,2.1307,1.4932,1.9913,2.4691
0.365,4.6331,1.4631,2.1354,1.4945,1.9954,2.4773
0.366,4.6486,1.4644,2.1402,1.4959,1.9995,2.4854
0.367,4.6642,1.4656,2.1449,1.4972,2.0036,2.4936
0.368,4.6797,1.4669,2.1497,1.4986,2.0077,2.5034
0.369,4.6952,1.4682,2.1544,1.4999,2.0118,2.5194
0.37,4.7108,1.4694,2.1592,1.5041,2.0159,2.5354
0.371,4.7263,1.4707,2.1639,1.5084,2.02,2.5514
0.372,4.7418,1.472,2.1687,1.5128,2.0241,2.5674
0.373,4.7574,1.4732,2.1734,1.5171,2.0282,2.5834
0.374,4.7729,1.4745,2.1782,1.5214,2.0323,2.5994
0.375,4.7885,1.4758,2.1829,1.5257,2.0364,2.6154
0.376,4.804,1.477,2.1877,1.5301,2.0405,2.6314
0.377,4.8195,1.4783,2.1924,1.5344,2.0446,2.6474
0.378,4.8351,1.4796,2.1972,1.5387,2.0487,2.6634
0.379,4.8506,1.4809,2.2019,1.543,2.0528,2.6794
0.38,4.8662,1.4821,2.2067,1.5474,2.0569,2.6954
0.381,4.8817,1.4834,2.2114,1.5517,2.061,2.7114
0.382,4.8972,1.4847,2.2162,1.556,2.0651,2.7274
0.383,4.9128,1.4859,2.2209,1.5603,2.0692,2.7434
0.384,4.9283,1.4872,2.2257,1.5646,2.0733,2.7594
0.385,4.9438,1.4885,2.2304,1.569,2.0774,2.7754
0.386,4.9594,1.4897,2.2352,1.5733,2.0815,2.7914
0.387,4.9749,1.491,2.2399,1.5776,2.0856,2.8074
0.388,4.9905,1.4923,2.2447,1.5819,2.0897,2.8234
0.389,5.006,1.4935,2.2494,1.5863,2.0938,2.8394
0.39,5.0215,1.4948,2.2541,1.5906,2.0979,2.8554
0.391,5.0371,1.4961,2.2589,1.5949,2.102,2.8714
0.392,5.0526,1.4973,2.2636,1.5992,2.1061,2.8874
0.393,5.0682,1.4986,2.2684,1.6036,2.1102,2.9034
0.394,5.0837,1.4999,2.2731,1.6079,2.1143,2.9194
0.395,5.0992,1.506,2.2779,1.6122,2.1183,2.9354
0.396,5.1148,1.5125,2.2826,1.6165,2.1224,2.9514
0.397,5.1303,1.5191,2.2874,1.6209,2.1265,2.9674
0.398,5.1458,1.5256,2.2921,1.6252,2.1306,2.9834
0.399,5.1614,1.5322,2.2969,1.6295,2.1347,2.9994
0.4,5.1769,1.5387,2.3016,1.6338,2.1388,3.0154
0.401,5.1925,1.5453,2.3064,1.6381,2.1429,3.0314
0.402,5.208,1.5518,2.3111,1.6425,2.147,3.0474
0.403,5.2235,1.5584,2.3159,1.6468,2.1511,3.0634
0.404,5.2391,1.5649,2.3206,1.6511,2.1552,3.0794
0.405,5.2546,1.5715,2.3254,1.6554,2.1593,3.0954
0.406,5.2702,1.578,2.3301,1.6598,2.1634,3.1114
0.407,5.2857,1.5845,2.3349,1.6641,2.1675,3.1274
0.408,5.3012,1.5911,2.3396,1.6684,2.1716,3.1434
0.409,5.3168,1.5976,2.3444,1.6727,2.1757,3.1594
0.41,5.3323,1.6042,2.3491,1.6771,2.1798,3.1754
0.411,5.3478,1.6107,2.3539,1.6814,2.1839,3.1914
0.412,5.3634,1.6173,2.3586,1.6857,2.188,3.2074
0.413,5.3789,1.6238,2.3633,1.69,2.1921,3.2234
0.414,5.3945,1.6304,2.3681,1.6944,2.1962,3.2394
0.415,5.41,1.6369,2.3728,1.6987,2.2003,3.2554
0.416,5.4255,1.6435,2.3776,1.703,2.2044,3.2714
0.417,5.4411,1.65,2.3823,1.7073,2.2085,3.2874
0.418,5.4566,1.6566,2.3871,1.7116,2.2126,3.3034
0.419,5.4722,1.6631,2.3918,1.716,2.2167,3.3194
0.42,5.4877,1.6697,2.3966,1.7203,2.2208,3.3354
0.421,5.5053,1.6762,2.4013,1.7246,2.2249,3.3514
0.422,5.5305,1.6828,2.4061,1.7289,2.229,3.3674
0.423,5.5558,1.6893,2.4108,1.7333,2.2331,3.3834
0.424,5.581,1.6959,2.4156,1.7376,2.2372,3.3994
0.425,5.6063,1.7024,2.4203,1.7419,2.2413,3.4154
0.426,5.6315,1.709,2.4251,1.7462,2.2454,3.4314
0.427,5.6568,1.7155,2.4298,1.7506,2.2495,3.4474
0.428,5.682,1.7221,2.4346,1.7549,2.2536,3.4634
0.429,5.7073,1.7286,2.4393,1.7592,2.2577,3.4794
0.43,5.7325,1.7352,2.4441,1.7635,2.2617,3.4954
0.431,5.7578,1.7417,2.4488,1.7679,2.2658,3.5164
0.432,5.783,1.7483,2.4536,1.7722,2.2699,3.5396
0.433,5.8082,1.7548,2.4583,1.7765,2.274,3.5627
0.434,5.8335,1.7614,2.4631,1.7808,2.2781,3.5858
0.435,5.8588,1.7679,2.4678,1.7851,2.2822,3.6089
0.436,5.884,1.7745,2.4726,1.7895,2.2863,3.632
0.437,5.9093,1.781,2.4773,1.7938,2.2904,3.6551
0.438,5.9345,1.7875,2.482,1.7981,2.2945,3.6782
0.439,5.9597,1.7941,2.4868,1.8024,2.2986,3.7013
0.44,5.985,1.8006,2.4915,1.8068,2.3027,3.7244
0.441,6.0102,1.8072,2.4963,1.8111,2.3068,3.7476
0.442,6.0355,1.8137,2.5015,1.8154,2.3109,3.7707
0.443,6.0608,1.8203,2.5083,1.8197,2.315,3.7938
0.444,6.086,1.8268,2.5151,1.8241,2.3191,3.8169
0.445,6.1113,1.8334,2.5219,1.8284,2.3232,3.84
0.446,6.1365,1.8399,2.5287,1.8327,2.3273,3.8631
0.447,6.1617,1.8465,2.5354,1.837,2.3314,3.8862
0.448,6.187,1.853,2.5422,1.8414,2.3355,3.9093
0.449,6.2123,1.8596,2.549,1.8457,2.3396,3.9324
0.45,6.2375,1.8661,2.5558,1.85,2.3437,3.9556
0.451,6.2628,1.8727,2.5626,1.8543,2.3478,3.9787
0.452,6.288,1.8792,2.5694,1.8586,2.3519,4.0018
0.453,6.3133,1.8858,2.5762,1.863,2.356,4.0249
0.454,6.3385,1.8923,2.583,1.8673,2.3601,4.048
0.455,6.3637,1.8989,2.5898,1.8716,2.3642,4.0711
0.456,6.389,1.9054,2.5966,1.8759,2.3683,4.0942
0.457,6.4142,1.912,2.6033,1.8803,2.3724,4.1173
0.458,6.4395,1.9185,2.6101,1.8846,2.3765,4.1404
0.459,6.4648,1.9251,2.6169,1.8889,2.3806,4.1636
0.46,6.49,1.9316,2.6237,1.8932,2.3847,4.1867
0.461,6.5152,1.9382,2.6305,1.8976,2.3888,4.2098
0.462,6.5405,1.9447,2.6373,1.9019,2.3929,4.2329
0.463,6.5658,1.9513,2.6441,1.9062,2.397,4.256
0.464,6.591,1.9578,2.6509,1.9105,2.401,4.2791
0.465,6.6162,1.9644,2.6577,1.9149,2.4051,4.3022
0.466,6.6415,1.9709,2.6645,1.9192,2.4092,4.3253
0.467,6.6668,1.9775,2.6713,1.9235,2.4133,4.3484
0.468,6.692,1.984,2.678,1.9278,2.4174,4.3716
0.469,6.7172,1.9905,2.6848,1.9321,2.4215,4.3947
0.47,6.7425,1.9971,2.6916,1.9365,2.4256,4.4178
0.471,6.7677,2.0036,2.6984,1.9408,2.4297,4.4409
0.472,6.793,2.0102,2.7052,1.9451,2.4338,4.464
0.473,6.8182,2.0167,2.712,1.9494,2.4379,4.4871
0.474,6.8435,2.0233,2.7188,1.9538,2.442,4.5184
0.475,6.8687,2.0298,2.7256,1.9581,2.4461,4.56
0.476,6.894,2.0364,2.7324,1.9624,2.4502,4.6016
0.477,6.9192,2.0429,2.7392,1.9667,2.4543,4.6432
0.478,6.9445,2.0495,2.746,1.9711,2.4584,4.6848
0.479,6.9697,2.056,2.7527,1.9754,2.4625,4.7264
0.48,6.995,2.0626,2.7595,1.9797,2.4666,4.768
0.481,7.0202,2.0691,2.7663,1.984,2.4707,4.8096
0.482,7.0455,2.0757,2.7731,1.9884,2.4748,4.8512
0.483,7.0707,2.0822,2.7799,1.9927,2.4789,4.8928
0.484,7.096,2.0888,2.7867,1.997,2.483,4.9344
0.485,7.1212,2.0953,2.7935,2.0013,2.4871,4.976
0.486,7.1465,2.1019,2.8003,2.0056,2.4912,5.0176
0.487,7.1717,2.1084,2.8071,2.01,2.4953,5.0592
0.488,7.197,2.115,2.8139,2.0143,2.4994,5.1008
0.489,7.2222,2.1215,2.8207,2.0186,2.5053,5.1424
0.49,7.2475,2.1281,2.8274,2.0229,2.5116,5.184
0.491,7.2727,2.1346,2.8342,2.0273,2.5179,5.2256
0.492,7.298,2.1412,2.841,2.0316,2.5242,5.2672
0.493,7.3232,2.1477,2.8478,2.0359,2.5305,5.3088
0.494,7.3485,2.1543,2.8546,2.0402,2.5368,5.3504
0.495,7.3738,2.1608,2.8614,2.0446,2.5431,5.392
0.496,7.399,2.1674,2.8682,2.0489,2.5494,5.4336
0.497,7.4242,2.1739,2.875,2.0532,2.5557,5.4752
0.498,7.4495,2.1805,2.8818,2.0575,2.562,5.5112
0.499,7.4748,2.187,2.8886,2.0619,2.5683,5.5389
0.5,7.5,2.1935,2.8953,2.0662,2.5746,5.5667
0.501,7.5337,2.2001,2.9021,2.0705,2.5809,5.5944
0.502,7.5673,2.2066,2.9089,2.0748,2.5872,5.6221
0.503,7.601,2.2132,2.9157,2.0791,2.5935,5.6499
0.504,7.6347,2.2197,2.9225,2.0835,2.5998,5.6776
0.505,7.6683,2.2263,2.9293,2.0878,2.6061,5.7053
0.506,7.702,2.2328,2.9361,2.0921,2.6124,5.7331
0.507,7.7357,2.2394,2.9429,2.0964,2.6187,5.7608
0.508,7.7693,2.2459,2.9497,2.1008,2.625,5.7885
0.509,7.803,2.2525,2.9565,2.1051,2.6313,5.8163
0.51,7.8367,2.259,2.9633,2.1094,2.6376,5.844
0.511,7.8703,2.2656,2.97,2.1137,2.6439,5.8717
0.512,7.904,2.2721,2.9768,2.1181,2.6502,5.8995
0.513,7.9377,2.2787,2.9836,2.1224,2.6565,5.9272
0.514,7.9713,2.2852,2.9904,2.1267,2.6628,5.9549
0.515,8.005,2.2918,2.9972,2.131,2.6691,5.9827
0.516,8.0387,2.2983,3.004,2.1354,2.6754,6.0104
0.517,8.0723,2.3049,3.0108,2.1397,2.6817,6.0381
0.518,8.106,2.3114,3.0176,2.144,2.688,6.0659
0.519,8.1397,2.318,3.0244,2.1483,2.6943,6.0936
0.52,8.1733,2.3245,3.0312,2.1526,2.7006,6.1213
0.521,8.207,2.3311,3.038,2.157,2.7069,6.1491
0.522,8.2407,2.3376,3.0447,2.1613,2.7132,6.1768
0.523,8.2743,2.3442,3.0515,2.1656,2.7195,6.2045
0.524,8.308,2.3507,3.0583,2.1699,2.7258,6.2323
0.525,8.3417,2.3573,3.0651,2.1743,2.7321,6.26
0.526,8.3753,2.3638,3.0719,2.1786,2.7384,6.2877
0.527,8.409,2.3704,3.0787,2.1829,2.7447,6.3155
0.528,8.4427,2.3769,3.0855,2.1872,2.751,6.3432
0.529,8.4763,2.3835,3.0923,2.1916,2.7573,6.3709
0.53,8.52,2.39,3.0991,2.1959,2.7636,6.3987
0.531,8.5873,2.3965,3.1059,2.2002,2.7699,6.4264
0.532,8.6547,2.4031,3.1127,2.2045,2.7762,6.4541
0.533,8.722,2.4096,3.1194,2.2089,2.7825,6.4819
0.534,8.7893,2.4162,3.1262,2.2132,2.7888,6.509
0.535,8.8567,2.4227,3.133,2.2175,2.7951,6.535
0.536,8.924,2.4293,3.1398,2.2218,2.8014,6.561
0.537,8.9913,2.4358,3.1466,2.2261,2.8077,6.587
0.538,9.0587,2.4424,3.1534,2.2305,2.814,6.613
0.539,9.126,2.4489,3.1602,2.2348,2.8203,6.639
0.54,9.1933,2.4555,3.167,2.2391,2.8266,6.665
0.541,9.2607,2.462,3.1738,2.2434,2.8329,6.691
0.542,9.328,2.4686,3.1806,2.2478,2.8392,6.717
0.543,9.3953,2.4751,3.1873,2.2521,2.8455,6.743
0.544,9.4627,2.4817,3.1941,2.2564,2.8518,6.769
0.545,9.5225,2.4882,3.2009,2.2607,2.8581,6.795
0.546,9.573,2.4948,3.2077,2.2651,2.8644,6.821
0.547,9.6235,2.5026,3.2145,2.2694,2.8707,6.847
0.548,9.674,2.5153,3.2213,2.2737,2.877,6.873
0.549,9.7245,2.5279,3.2281,2.278,2.8833,6.899
0.55,9.775,2.5406,3.2349,2.2824,2.8896,6.925
0.551,9.8255,2.5533,3.2417,2.2867,2.8959,6.951
0.552,9.876,2.566,3.2485,2.291,2.9021,6.977
0.553,9.9265,2.5787,3.2553,2.2953,2.9084,7.003
0.554,9.977,2.5914,3.262,2.2996,2.9147,7.029
0.555,10.028,2.6041,3.2688,2.304,2.921,7.055
0.556,10.078,2.6168,3.2756,2.3083,2.9273,7.081
0.557,10.129,2.6294,3.2824,2.3126,2.9336,7.107
0.558,10.179,2.6421,3.2892,2.3169,2.9399,7.133
0.559,10.23,2.6548,3.296,2.3213,2.9462,7.159
0.56,10.28,2.6675,3.3028,2.3256,2.9525,7.185
0.561,10.331,2.6802,3.3096,2.3299,2.9588,7.211
0.562,10.381,2.6929,3.3164,2.3342,2.9651,7.237
0.563,10.431,2.7056,3.3232,2.3386,2.9714,7.263
0.564,10.482,2.7182,3.33,2.3429,2.9777,7.289
0.565,10.63,2.7309,3.3367,2.3472,2.984,7.315
0.566,10.832,2.7436,3.3435,2.3515,2.9903,7.341
0.567,11.034,2.7563,3.3503,2.3559,2.9966,7.367
0.568,11.236,2.769,3.3571,2.3602,3.0029,7.393
0.569,11.438,2.7817,3.3639,2.3645,3.0092,7.419
0.57,11.535,2.7944,3.3707,2.3688,3.0155,7.445
0.571,11.585,2.8071,3.3775,2.3731,3.0218,7.471
0.572,11.636,2.8197,3.3843,2.3775,3.0281,7.497
0.573,11.686,2.8324,3.3911,2.3818,3.0344,7.5283
0.574,11.737,2.8451,3.3979,2.3861,3.0407,7.5603
0.575,11.787,2.8578,3.4047,2.3904,3.047,7.5923
0.576,11.838,2.8705,3.4114,2.3948,3.0533,7.6243
0.577,11.889,2.8832,3.4182,2.3991,3.0596,7.6563
0.578,11.939,2.8959,3.425,2.4034,3.0659,7.6883
0.579,11.989,2.9086,3.4318,2.4077,3.0722,7.7203
0.58,12.04,2.9212,3.4386,2.4121,3.0785,7.7523
0.581,12.091,2.9339,3.4454,2.4164,3.0848,7.7843
0.582,12.141,2.9466,3.4522,2.4207,3.0911,7.8163
0.583,12.192,2.9593,3.459,2.425,3.0974,7.8483
0.584,12.242,2.972,3.4658,2.4294,3.1037,7.8803
0.585,12.293,2.9847,3.4726,2.4337,3.11,7.9123
0.586,12.343,2.9974,3.4793,2.438,3.1163,7.9443
0.587,12.393,3.0101,3.4861,2.4423,3.1226,7.9763
0.588,12.444,3.0227,3.4929,2.4466,3.1289,8.0083
0.589,12.495,3.0354,3.4997,2.451,3.1352,8.0403
0.59,12.545,3.0481,3.5084,2.4553,3.1415,8.0723
0.591,12.596,3.0608,3.5171,2.4596,3.1478,8.1043
0.592,12.646,3.0735,3.5258,2.4639,3.1541,8.1363
0.593,12.697,3.0862,3.5345,2.4683,3.1604,8.1683
0.594,12.747,3.0989,3.5432,2.4726,3.1667,8.2003
0.595,12.797,3.1116,3.5519,2.4769,3.173,8.2323
0.596,12.848,3.1242,3.5607,2.4812,3.1793,8.2643
0.597,12.898,3.1369,3.5694,2.4856,3.1856,8.2963
0.598,12.949,3.1496,3.5781,2.4899,3.1919,8.3283
0.599,12.999,3.1623,3.5868,2.4942,3.1982,8.3603
0.6,13.05,3.175,3.5955,2.4985,3.2045,8.3923
0.601,13.101,3.1877,3.6042,2.5059,3.2108,8.4243
0.602,13.151,3.2004,3.613,2.5148,3.2171,8.4563
0.603,13.201,3.2131,3.6217,2.5237,3.2234,8.4883
0.604,13.252,3.2257,3.6304,2.5326,3.2297,8.524
0.605,13.303,3.2384,3.6391,2.5415,3.236,8.5618
0.606,13.353,3.2511,3.6478,2.5504,3.2423,8.5996
0.607,13.404,3.2638,3.6565,2.5593,3.2486,8.6375
0.608,13.454,3.2765,3.6653,2.5682,3.2549,8.6753
0.609,13.506,3.2892,3.674,2.5772,3.2612,8.7131
0.61,13.573,3.3019,3.6827,2.5861,3.2675,8.7509
0.611,13.641,3.3146,3.6914,2.595,3.2738,8.7887
0.612,13.708,3.3272,3.7001,2.6039,3.2801,8.8265
0.613,13.775,3.3399,3.7088,2.6128,3.2864,8.8644
0.614,13.843,3.3526,3.7176,2.6217,3.2927,8.9022
0.615,13.91,3.3653,3.7263,2.6306,3.299,8.94
0.616,13.977,3.378,3.735,2.6395,3.3053,8.9778
0.617,14.045,3.3907,3.7437,2.6484,3.3116,9.0156
0.618,14.112,3.4034,3.7524,2.6573,3.3179,9.0535
0.619,14.179,3.4161,3.7611,2.6662,3.3241,9.0913
0.62,14.247,3.4287,3.7699,2.6752,3.3304,9.1291
0.621,14.314,3.4414,3.7786,2.6841,3.3367,9.1669
0.622,14.381,3.4541,3.7873,2.693,3.343,9.2047
0.623,14.449,3.4668,3.796,2.7019,3.3493,9.2425
0.624,14.516,3.4795,3.8047,2.7108,3.3556,9.2804
0.625,14.583,3.4922,3.8134,2.7197,3.3619,9.3182
0.626,14.651,3.5049,3.8221,2.7286,3.3682,9.356
0.627,14.718,3.5176,3.8309,2.7375,3.3745,9.3938
0.628,14.785,3.5302,3.8396,2.7464,3.3808,9.4316
0.629,14.853,3.5429,3.8483,2.7553,3.3871,9.4695
0.63,14.92,3.5556,3.857,2.7642,3.3934,9.516
0.631,14.987,3.5683,3.8657,2.7732,3.3997,9.5992
0.632,15.055,3.581,3.8744,2.7821,3.406,9.6824
0.633,15.122,3.5937,3.8832,2.791,3.4123,9.7656
0.634,15.189,3.6064,3.8919,2.7999,3.4186,9.8488
0.635,15.257,3.6191,3.9006,2.8088,3.4249,9.932
0.636,15.324,3.6318,3.9093,2.8177,3.4312,10.015
0.637,15.391,3.6444,3.918,2.8266,3.4375,10.098
0.638,15.459,3.6571,3.9267,2.8355,3.4438,10.182
0.639,15.52,3.6698,3.9355,2.8444,3.4501,10.265
0.64,15.57,3.6825,3.9442,2.8533,3.4564,10.348
0.641,15.62,3.6952,3.9529,2.8622,3.4627,10.431
0.642,15.671,3.7079,3.9616,2.8712,3.469,10.514
0.643,15.721,3.7206,3.9703,2.8801,3.4753,10.598
0.644,15.772,3.7332,3.979,2.889,3.4816,10.681
0.645,15.823,3.7459,3.9878,2.8979,3.4879,10.764
0.646,15.873,3.7586,3.9965,2.9068,3.4942,10.847
0.647,15.924,3.7713,4.0052,2.9157,3.5007,10.93
0.648,15.974,3.784,4.0139,2.9246,3.5089,11.014
0.649,16.024,3.7967,4.0226,2.9335,3.5172,11.097
0.65,16.075,3.8094,4.0313,2.9424,3.5255,11.18
0.651,16.125,3.8221,4.0401,2.9513,3.5338,11.263
0.652,16.176,3.8347,4.0488,2.9602,3.542,11.346
0.653,16.227,3.8474,4.0575,2.9692,3.5503,11.43
0.654,16.277,3.8601,4.0662,2.9781,3.5586,11.509
0.655,16.328,3.8728,4.0749,2.987,3.5669,11.569
0.656,16.378,3.8855,4.0836,2.9959,3.5751,11.628
0.657,16.428,3.8982,4.0924,3.0048,3.5834,11.687
0.658,16.479,3.9109,4.1011,3.0137,3.5917,11.747
0.659,16.559,3.9236,4.1098,3.0226,3.6,11.806
0.66,16.66,3.9363,4.1185,3.0315,3.6082,11.866
0.661,16.761,3.9489,4.1272,3.0404,3.6165,11.925
0.662,16.862,3.9616,4.1359,3.0493,3.6248,11.985
0.663,16.963,3.9743,4.1447,3.0582,3.6331,12.044
0.664,17.064,3.987,4.1534,3.0672,3.6413,12.103
0.665,17.165,3.9997,4.1621,3.0761,3.6496,12.163
0.666,17.266,4.0124,4.1708,3.085,3.6579,12.222
0.667,17.367,4.0251,4.1795,3.0939,3.6662,12.282
0.668,17.468,4.0377,4.1882,3.1028,3.6744,12.341
0.669,17.638,4.0504,4.197,3.1117,3.6827,12.401
0.67,17.84,4.0631,4.2057,3.1206,3.691,12.46
0.671,18.042,4.0758,4.2144,3.1295,3.6993,12.514
0.672,18.244,4.0885,4.2231,3.1384,3.7075,12.555
0.673,18.446,4.1012,4.2318,3.1473,3.7158,12.597
0.674,18.648,4.1139,4.2405,3.1562,3.7241,12.638
0.675,18.85,4.1266,4.2493,3.1652,3.7324,12.68
0.676,19.052,4.1393,4.258,3.1741,3.7406,12.722
0.677,19.254,4.1519,4.2667,3.183,3.7489,12.763
0.678,19.456,4.1646,4.2754,3.1919,3.7572,12.805
0.679,19.737,4.1773,4.2841,3.2008,3.7655,12.846
0.68,20.04,4.19,4.2928,3.2097,3.7737,12.888
0.681,20.343,4.2027,4.3016,3.2186,3.782,12.93
0.682,20.646,4.2154,4.3103,3.2275,3.7903,12.971
0.683,20.949,4.2281,4.319,3.2364,3.7985,13.013
0.684,21.063,4.2408,4.3277,3.2453,3.8068,13.054
0.685,21.139,4.2534,4.3364,3.2542,3.8151,13.096
0.686,21.215,4.2661,4.3451,3.2632,3.8234,13.138
0.687,21.29,4.2788,4.3539,3.2721,3.8316,13.179
0.688,21.366,4.2915,4.3626,3.281,3.8399,13.221
0.689,21.442,4.3042,4.3713,3.2899,3.8482,13.262
0.69,21.517,4.3169,4.38,3.2988,3.8565,13.304
0.691,21.593,4.3296,4.3887,3.3077,3.8647,13.346
0.692,21.669,4.3422,4.3974,3.3166,3.873,13.387
0.693,21.745,4.3549,4.4061,3.3255,3.8813,13.429
0.694,21.82,4.3676,4.4149,3.3344,3.8896,13.47
0.695,21.896,4.3803,4.4236,3.3433,3.8978,13.517
0.696,21.972,4.393,4.4323,3.3522,3.9061,13.577
0.697,22.048,4.4057,4.441,3.3612,3.9144,13.636
0.698,22.123,4.4184,4.4497,3.3701,3.9227,13.695
0.699,22.199,4.4311,4.4584,3.379,3.9309,13.755
0.7,22.275,4.4437,4.4672,3.3879,3.9392,13.814
0.701,22.351,4.4564,4.4759,3.3968,3.9475,13.874
0.702,22.427,4.4691,4.4846,3.4057,3.9558,13.933
0.703,22.506,4.4818,4.4933,3.4146,3.964,13.993
0.704,22.708,4.4945,4.5038,3.4235,3.9723,14.052
0.705,22.91,4.5096,4.52,3.4324,3.9806,14.111
0.706,23.112,4.5265,4.5362,3.4413,3.9889,14.171
0.707,23.314,4.5434,4.5524,3.4502,3.9971,14.23
0.708,23.516,4.5603,4.5687,3.4592,4.0054,14.29
0.709,23.718,4.5772,4.5849,3.4681,4.0137,14.349
0.71,23.92,4.5942,4.6011,3.477,4.022,14.409
0.711,24.122,4.6111,4.6173,3.4859,4.0302,14.468
0.712,24.324,4.628,4.6336,3.4948,4.0385,14.548
0.713,24.565,4.6449,4.6498,3.5111,4.0468,14.652
0.714,25.07,4.6618,4.666,3.5378,4.0551,14.756
0.715,25.575,4.6787,4.6822,3.5645,4.0633,14.86
0.716,26.08,4.6957,4.6984,3.5913,4.0716,14.964
0.717,26.585,4.7126,4.7147,3.618,4.0799,15.068
0.718,27.054,4.7295,4.7309,3.6447,4.0882,15.172
0.719,27.357,4.7464,4.7471,3.6715,4.0964,15.276
0.72,27.66,4.7633,4.7633,3.6982,4.1047,15.38
0.721,27.963,4.7802,4.7796,3.7249,4.113,15.484
0.722,28.266,4.7972,4.7958,3.7516,4.1213,15.544
0.723,28.546,4.8141,4.812,3.7784,4.1295,15.596
0.724,28.748,4.831,4.8282,3.8051,4.1378,15.648
0.725,28.95,4.8479,4.8444,3.8318,4.1461,15.7
0.726,29.152,4.8648,4.8607,3.8585,4.1544,15.752
0.727,29.354,4.8818,4.8769,3.8853,4.1626,15.804
0.728,29.556,4.8987,4.8931,3.912,4.1709,15.856
0.729,29.758,4.9156,4.9093,3.9387,4.1792,15.908
0.73,29.96,4.9325,4.9256,3.9655,4.1875,15.96
0.731,30.162,4.9494,4.9418,3.9922,4.1957,16.012
0.732,30.364,4.9663,4.958,4.0189,4.204,16.064
0.733,30.533,4.9832,4.9742,4.0456,4.2123,16.116
0.734,30.634,5.0002,4.9904,4.0724,4.2205,16.168
0.735,30.735,5.0171,5.0067,4.0991,4.2288,16.22
0.736,30.836,5.034,5.0229,4.1258,4.2371,16.272
0.737,30.937,5.0509,5.0391,4.1525,4.2454,16.324
0.738,31.038,5.0678,5.0553,4.1793,4.2536,16.376
0.739,31.139,5.0848,5.0716,4.206,4.2619,16.428
0.74,31.24,5.1017,5.0878,4.2327,4.2702,16.48
0.741,31.341,5.1186,5.104,4.2595,4.2785,16.537
0.742,31.442,5.1355,5.1202,4.2862,4.2867,16.596
0.743,31.586,5.1524,5.1364,4.3129,4.295,16.655
0.744,31.788,5.1693,5.1527,4.3396,4.3033,16.715
0.745,31.99,5.1863,5.1689,4.3664,4.3116,16.774
0.746,32.192,5.2032,5.1851,4.3931,4.3198,16.834
0.747,32.394,5.2201,5.2013,4.4198,4.3281,16.893
0.748,32.644,5.237,5.2176,4.4465,4.3364,16.953
0.749,32.947,5.2539,5.2338,4.4733,4.3447,17.012
0.75,33.25,5.2708,5.25,4.5,4.3529,17.071
0.751,33.553,5.2878,5.2662,4.528,4.3612,17.131
0.752,33.856,5.3047,5.2824,4.556,4.3695,17.19
0.753,34.159,5.3216,5.2987,4.584,4.3778,17.25
0.754,34.462,5.3385,5.3149,4.612,4.386,17.309
0.755,34.765,5.3554,5.3311,4.64,4.3943,17.369
0.756,35.068,5.3723,5.3473,4.668,4.4026,17.428
0.757,35.371,5.3893,5.3636,4.696,4.4109,17.487
0.758,35.616,5.4062,5.3798,4.724,4.4191,17.566
0.759,35.818,5.4231,5.396,4.752,4.4274,17.649
0.76,36.02,5.44,5.4122,4.78,4.4357,17.732
0.761,36.222,5.4569,5.4284,4.808,4.444,17.815
0.762,36.424,5.4738,5.4447,4.836,4.4522,17.898
0.763,36.626,5.4908,5.4609,4.864,4.4605,17.982
0.764,36.828,5.5115,5.4771,4.892,4.4688,18.065
0.765,37.03,5.5369,5.4933,4.92,4.4771,18.148
0.766,37.232,5.5623,5.5127,4.948,4.4853,18.231
0.767,37.434,5.5876,5.5344,4.976,4.4936,18.314
0.768,37.545,5.613,5.556,5.004,4.5031,18.398
0.769,37.613,5.6384,5.5776,5.032,4.5167,18.481
0.77,37.68,5.6638,5.5993,5.06,4.5303,18.58
0.771,37.747,5.6891,5.6209,5.088,4.5439,18.684
0.772,37.815,5.7145,5.6425,5.116,4.5575,18.788
0.773,37.882,5.7399,5.6641,5.144,4.5712,18.892
0.774,37.949,5.7653,5.6858,5.172,4.5848,18.996
0.775,38.017,5.7906,5.7074,5.2,4.5984,19.1
0.776,38.084,5.816,5.729,5.228,4.612,19.204
0.777,38.151,5.8414,5.7507,5.256,4.6256,19.308
0.778,38.219,5.8668,5.7723,5.284,4.6392,19.412
0.779,38.286,5.8921,5.7939,5.312,4.6528,19.509
0.78,38.353,5.9175,5.8156,5.34,4.6665,19.569
0.781,38.421,5.9429,5.8372,5.368,4.6801,19.628
0.782,38.488,5.9683,5.8588,5.396,4.6937,19.687
0.783,38.666,5.9936,5.8804,5.424,4.7073,19.747
0.784,38.868,6.019,5.9021,5.452,4.7209,19.806
0.785,39.07,6.0444,5.9237,5.48,4.7345,19.866
0.786,39.272,6.0698,5.9453,5.5129,4.7481,19.925
0.787,39.474,6.0951,5.967,5.5582,4.7617,19.985
0.788,39.588,6.1205,5.9886,5.6034,4.7754,20.044
0.789,39.689,6.1459,6.0102,5.6486,4.789,20.103
0.79,39.79,6.1713,6.0319,5.6938,4.8026,20.163
0.791,39.891,6.1966,6.0535,5.7391,4.8162,20.222
0.792,39.992,6.222,6.0751,5.7843,4.8298,20.282
0.793,40.093,6.2474,6.0967,5.8295,4.8434,20.341
0.794,40.194,6.2728,6.1184,5.8748,4.857,20.401
0.795,40.295,6.2981,6.14,5.92,4.8706,20.46
0.796,40.396,6.3235,6.1616,5.9652,4.8843,20.534
0.797,40.497,6.3489,6.1833,6.0105,4.8979,20.638
0.798,40.598,6.3742,6.2049,6.0557,4.9115,20.742
0.799,40.699,6.3996,6.2265,6.1009,4.9251,20.846
0.8,40.8,6.425,6.2481,6.1462,4.9387,20.95
0.801,40.901,6.4504,6.2698,6.1914,4.9523,21.054
0.802,41.002,6.4758,6.2914,6.2366,4.9659,21.158
0.803,41.103,6.5006,6.313,6.2818,4.9795,21.262
0.804,41.204,6.5141,6.3347,6.3271,4.9932,21.366
0.805,41.305,6.5277,6.3563,6.3723,5.0068,21.47
0.806,41.406,6.5412,6.3779,6.4175,5.0204,21.599
0.807,41.507,6.5547,6.3996,6.4628,5.034,21.737
0.808,41.608,6.5683,6.4212,6.5069,5.0476,21.876
0.809,41.709,6.5818,6.4428,6.5461,5.0612,22.015
0.81,41.81,6.5953,6.4644,6.5853,5.0748,22.153
0.811,41.911,6.6089,6.4861,6.6245,5.0885,22.292
0.812,42.012,6.6224,6.5189,6.6637,5.1021,22.431
0.813,42.113,6.6359,6.572,6.7029,5.1157,22.604
0.814,42.214,6.6495,6.6251,6.7421,5.1293,22.812
0.815,42.315,6.663,6.6782,6.7813,5.1429,23.02
0.816,42.416,6.6765,6.7313,6.8205,5.1565,23.228
0.817,42.517,6.6901,6.7844,6.8597,5.1701,23.436
0.818,42.618,6.7036,6.8375,6.8989,5.1837,23.788
0.819,42.719,6.7171,6.8905,6.9381,5.1974,24.204
0.82,42.82,6.7307,6.9436,6.9773,5.211,24.56
0.821,42.921,6.7442,6.9967,7.0165,5.2246,24.768
0.822,43.022,6.7577,7.0498,7.0557,5.2382,24.976
0.823,43.123,6.7713,7.1029,7.0949,5.2518,25.184
0.824,43.224,6.7848,7.156,7.1341,5.2654,25.392
0.825,43.325,6.7983,7.2091,7.1733,5.279,25.55
0.826,43.426,6.8119,7.2622,7.2125,5.2926,25.654
0.827,43.554,6.8254,7.3153,7.2517,5.3063,25.758
0.828,43.756,6.8389,7.3684,7.2909,5.3199,25.862
0.829,43.958,6.8525,7.4215,7.3301,5.3335,25.966
0.83,44.16,6.866,7.4745,7.3693,5.3471,26.07
0.831,44.362,6.8795,7.5276,7.4085,5.3607,26.174
0.832,44.532,6.8931,7.5807,7.4477,5.3743,26.278
0.833,44.633,6.9066,7.6338,7.4869,5.3879,26.382
0.834,44.734,6.9201,7.6869,7.5356,5.4015,26.486
0.835,44.835,6.9337,7.74,7.5891,5.4152,26.59
0.836,44.936,6.9472,7.7931,7.6425,5.4288,26.694
0.837,45.037,6.9607,7.8462,7.696,5.4424,26.798
0.838,45.138,6.9743,7.8993,7.7495,5.456,26.902
0.839,45.239,6.9878,7.9524,7.8029,5.4696,27.006
0.84,45.34,7.0013,8.0055,7.8564,5.4832,27.11
0.841,45.441,7.0149,8.0585,7.9098,5.4968,27.214
0.842,45.542,7.0284,8.1116,7.9633,5.5135,27.318
0.843,45.643,7.0419,8.1647,8.0167,5.5311,27.422
0.844,45.744,7.0555,8.2178,8.0702,5.5487,27.531
0.845,45.845,7.069,8.2709,8.1236,5.5663,27.656
0.846,45.946,7.0825,8.324,8.1771,5.5838,27.781
0.847,46.047,7.0961,8.3771,8.2305,5.6014,27.906
0.848,46.148,7.1096,8.4302,8.284,5.619,28.03
0.849,46.249,7.1231,8.4833,8.3375,5.6366,28.155
0.85,46.35,7.1367,8.5444,8.3909,5.6542,28.28
0.851,46.451,7.1502,8.6093,8.4444,5.6718,28.405
0.852,46.604,7.1637,8.6742,8.4978,5.6893,28.53
0.853,46.806,7.1773,8.7391,8.5332,5.7069,28.654
0.854,47.008,7.1908,8.804,8.5678,5.7245,28.779
0.855,47.21,7.2043,8.8689,8.6024,5.7421,28.904
0.856,47.412,7.2179,8.9338,8.6369,5.7597,29.036
0.857,47.785,7.2314,8.9987,8.6715,5.7773,29.192
0.858,48.29,7.2449,9.0636,8.7061,5.7948,29.348
0.859,48.795,7.2585,9.1284,8.7407,5.8124,29.504
0.86,49.3,7.272,9.1933,8.7753,5.83,29.66
0.861,49.805,7.2855,9.2582,8.8099,5.8476,29.816
0.862,50.186,7.2991,9.3231,8.8445,5.8652,29.972
0.863,50.489,7.3126,9.388,8.8791,5.8827,30.128
0.864,50.792,7.3261,9.4529,8.9136,5.9003,30.284
0.865,51.095,7.3397,9.5145,8.9482,5.9179,30.44
0.866,51.398,7.3532,9.5676,8.9828,5.9355,30.628
0.867,51.701,7.3667,9.6207,9.0174,5.9531,30.836
0.868,52.004,7.3803,9.6738,9.052,5.9707,31.044
0.869,52.307,7.3938,9.7269,9.0866,5.9883,31.252
0.87,52.61,7.4073,9.78,9.1212,6.0058,31.46
0.871,52.913,7.4209,9.8331,9.1558,6.0234,31.612
0.872,53.216,7.4344,9.8862,9.1904,6.041,31.751
0.873,53.519,7.4479,9.9393,9.2249,6.0586,31.889
0.874,53.822,7.4615,9.9924,9.2595,6.0762,32.028
0.875,54.125,7.475,10.045,9.2941,6.0938,32.167
0.876,54.428,7.4885,10.099,9.3287,6.1113,32.305
0.877,54.731,7.5062,10.152,9.3633,6.1289,32.444
0.878,55.034,7.5468,10.205,9.3979,6.1465,32.562
0.879,55.337,7.5874,10.258,9.4325,6.1641,32.666
0.88,55.64,7.628,10.311,9.4671,6.1817,32.77
0.881,55.943,7.6686,10.364,9.5035,6.1993,32.874
0.882,56.656,7.7092,10.417,9.577,6.2168,32.978
0.883,57.464,7.7498,10.47,9.6505,6.2344,33.082
0.884,58.272,7.7904,10.551,9.724,6.252,33.186
0.885,59.08,7.831,10.668,9.7975,6.2696,33.29
0.886,59.888,7.8716,10.785,9.871,6.2872,33.394
0.887,60.609,7.9122,10.902,9.9445,6.3048,33.498
0.888,61.316,7.9528,11.018,10.018,6.3223,33.704
0.889,62.023,7.9934,11.135,10.092,6.3399,33.912
0.89,62.73,8.034,11.252,10.165,6.3575,34.12
0.891,63.437,8.0746,11.369,10.239,6.3751,34.328
0.892,63.684,8.1152,11.486,10.312,6.3927,34.572
0.893,63.886,8.1558,11.756,10.386,6.4103,34.988
0.894,64.088,8.1964,12.048,10.459,6.4278,35.404
0.895,64.29,8.237,12.34,10.529,6.4454,35.82
0.896,64.492,8.2776,12.544,10.594,6.463,36.236
0.897,64.888,8.3182,12.641,10.66,6.4806,36.576
0.898,65.292,8.3588,12.739,10.725,6.4982,36.784
0.899,65.696,8.3994,12.836,10.79,6.563,36.992
0.9,66.1,8.44,12.933,10.856,6.6333,37.2
0.901,66.505,8.4806,13.031,10.921,6.7037,37.408
0.902,67.01,8.553,13.128,10.986,6.774,37.577
0.903,67.515,8.6545,13.225,11.052,6.8443,37.716
0.904,68.02,8.756,13.323,11.117,6.9147,37.855
0.905,68.525,8.8575,13.42,11.182,6.985,37.993
0.906,69.03,8.959,13.552,11.248,7.0553,38.132
0.907,69.535,9.0605,13.844,11.313,7.1257,38.271
0.908,70.04,9.162,14.136,11.378,7.196,38.409
0.909,70.545,9.2635,14.428,11.444,7.2663,38.716
0.91,71.05,9.365,14.573,11.513,7.3367,39.34
0.911,71.56,9.4665,14.671,11.611,7.407,39.964
0.912,72.116,9.534,14.768,11.709,7.4773,40.196
0.913,72.672,9.5848,14.865,11.807,7.5358,40.404
0.914,73.227,9.6355,14.963,11.905,7.5885,40.612
0.915,73.782,9.6863,15.06,12.003,7.6412,40.82
0.916,74.338,9.737,15.157,12.101,7.694,41.028
0.917,74.894,9.7878,15.255,12.199,7.7468,41.236
0.918,75.449,9.8385,15.352,12.297,7.7995,41.444
0.919,76.004,9.8893,15.449,12.395,7.8522,41.601
0.92,76.56,9.94,15.57,12.493,7.905,41.74
0.921,77.189,9.9908,15.716,12.61,7.9578,41.879
0.922,78.098,10.042,15.862,12.727,8.0105,42.017
0.923,79.007,10.092,16.008,12.845,8.0633,42.156
0.924,79.916,10.143,16.154,12.962,8.116,42.295
0.925,80.825,10.194,16.3,13.08,8.1688,42.433
0.926,82.02,10.245,16.446,13.198,8.2215,42.716
0.927,84.04,10.295,16.592,13.315,8.2743,43.132
0.928,86.06,10.346,16.738,13.433,8.327,43.512
0.929,88.08,10.397,16.884,13.626,8.3798,43.616
0.93,90.1,10.448,17.03,13.92,8.4325,43.72
0.931,92.027,10.498,17.176,14.214,8.4853,43.824
0.932,93.744,10.696,17.322,14.503,8.5338,43.928
0.933,95.461,10.899,17.468,14.601,8.5807,44.032
0.934,97.178,11.102,17.956,14.699,8.6276,44.136
0.935,98.895,11.305,18.52,14.797,8.6744,44.24
0.936,100.09,11.508,18.812,14.895,8.7213,44.344
0.937,100.34,11.711,19.104,14.993,8.7682,44.448
0.938,100.59,11.914,19.396,15.091,8.8151,44.812
0.939,100.85,12.117,19.641,15.189,8.862,45.436
0.94,101.1,12.32,19.86,15.287,8.9089,46.14
0.941,101.35,12.519,20.079,15.385,8.9558,47.596
0.942,101.6,12.688,20.298,15.483,9.0027,49.052
0.943,101.86,12.857,20.517,15.581,9.0496,49.788
0.944,102.11,13.027,20.736,15.679,9.0964,50.204
0.945,102.36,13.196,20.955,15.777,9.1433,50.62
0.946,102.73,13.365,21.464,15.875,9.1902,51.036
0.947,103.23,13.534,22.048,15.973,9.2371,51.452
0.948,103.74,13.703,22.632,16.071,9.284,51.868
0.949,104.25,13.872,23.216,16.169,9.3309,52.284
0.95,104.75,14.042,23.8,16.267,9.3778,52.7
0.951,105.15,14.211,24.384,16.365,9.4247,53.116
0.952,105.46,14.38,24.968,16.463,9.4716,53.548
0.953,105.76,14.549,26.104,16.621,9.5415,54.172
0.954,106.06,14.718,27.204,16.817,9.647,54.796
0.955,106.37,14.887,28.08,17.013,9.7525,55.98
0.956,107.34,15.136,28.804,17.209,9.858,57.436
0.957,108.85,15.542,29.388,17.405,9.9635,59.06
0.958,110.37,15.948,29.972,17.576,10.069,61.14
0.959,111.89,16.354,30.556,17.723,10.174,63.22
0.96,113.4,16.76,31.14,17.87,10.28,65.12
0.961,115.34,17.083,31.948,18.017,10.385,66.992
0.962,117.56,17.286,33.116,18.164,10.491,68.672
0.963,119.79,17.489,34.676,18.311,10.629,70.128
0.964,122.01,17.692,36.428,18.458,10.769,71.548
0.965,124.23,17.895,37.62,18.605,10.91,72.38
0.966,125.36,18.098,38.644,18.752,11.051,73.212
0.967,125.92,18.301,39.228,18.899,11.191,73.772
0.968,126.47,18.504,39.812,19.276,11.332,74.188
0.969,127.03,18.707,40.396,20.158,11.473,74.682
0.97,127.58,18.91,41.7,20.86,11.84,75.41
0.971,128.14,19.169,43.043,21.448,12.262,76.138
0.972,128.7,19.474,43.432,22.036,12.546,76.866
0.973,129.25,19.778,43.821,22.624,12.651,77.594
0.974,129.81,20.083,44.211,23.212,12.757,79.288
0.975,130.36,20.387,44.6,23.8,12.862,82.2
0.976,131.03,20.628,44.989,24.388,12.968,85.04
0.977,131.74,20.831,45.852,24.976,13.073,86.08
0.978,132.45,21.034,46.728,25.596,13.179,87.12
0.979,133.15,21.237,47.604,26.478,13.284,88.16
0.98,133.86,21.44,48.64,27.18,13.39,89.2
0.981,136.75,21.857,49.808,27.621,13.495,90.72
0.982,140.19,22.365,50.732,28.062,13.904,93.84
0.983,143.62,22.872,51.608,28.504,14.326,96.96
0.984,147.06,23.38,52.484,29.092,14.996,100.77
0.985,150.49,23.887,53.36,29.68,15.84,104.72
0.986,155.82,24.79,54.236,30.268,16.868,108.5
0.987,161.47,25.805,55.316,31.39,18.556,112.03
0.988,167.13,26.82,56.484,32.86,20.244,115.56
0.989,172.78,27.835,60.244,33.798,21.484,118.68
0.99,178.44,28.85,64.2,35.04,22.645,121.8
0.991,215.76,30.124,68.58,37.686,23.805,125.94
0.992,256.57,31.444,71.812,41.22,24.966,130.73
0.993,297.37,32.763,74.148,45.63,26.598,135.47
0.994,338.18,34.083,75.74,54.288,32.084,140.04
0.995,378.98,35.402,79.4,64.2,37.57,144.62
0.996,378.98,35.402,96.92,75.96,46.488,164.15
0.997,378.98,35.402,121.88,95.154,56.616,187.24
0.998,378.98,35.402,156.92,125.44,56.616,187.24
0.999,378.98,35.402,156.92,125.44,56.616,187.24
1,378.98,35.402,156.92,125.44,56.616,187.24
